Feature,Importance
6M_Return,0.7897954214603646
PE_Ratio,0.07549959320339969
DebtToEquity,0.06889968448356443
ROA,0.06580530085267125
